Project Title,City,State,ZIP,Award,Location
Quitman County School District,Marks,MS,38646,u215x100001,"Marks, MS 38646
(34.27, -90.29)"
Peach County Board of Education,Fort Valley,GA,31030,u215x100002,"Fort Valley, GA 31030
(32.57, -83.89)"
Panhandle Area Educational Consortium,Chipley,FL,32428,u215x100003,"Chipley, FL 32428
(30.62, -85.58)"
Albuquerque Public Schools,Albuquerque,NM,87110,u215x100004,"Albuquerque, NM 87110
(35.11, -106.58)"
"Education Service Center, Region 20",San Antonio,TX,78208,u215x100005,"San Antonio, TX 78208
(29.44, -98.46)"
Midland Independent School District,Midland,TX,79701,u215x100006,"Midland, TX 79701
(31.99, -102.08)"
School Board of Miami-Dade County,Miami,FL,33132,u215x100007,"Miami, FL 33132
(25.78, -80.17)"
"Education Service Center, Region 2",Corpus Christi,TX,78401,u215x100008,"Corpus Christi, TX 78401
(27.8, -97.4)"
School District of Clay County,Green Cove Springs,FL,32043,u215x100010,"Green Cove Springs, FL 32043
(29.95, -81.74)"
Diamond R-IV School District,Diamond,MO,64840,u215x100011,"Diamond, MO 64840
(37.02, -94.34)"
Beeville Independent School District,Beeville,TX,78102,u215x100013,"Beeville, TX 78102
(28.43, -97.74)"
Chama Valley Independent Schools,Tierra Amarilla,NM,87575,u215x100014,"Tierra Amarilla, NM 87575
(36.65, -106.52)"
Putnam City Schools,Oklahoma City,OK,73122,u215x100016,"Oklahoma City, OK 73122
(35.52, -97.61)"
North Callaway R-1 School District,Kingdom City,MO,65262,u215x100017,"Kingdom City, MO 65262
(38.96, -91.95)"
San Antonio Independent School District,San Antonio,TX,78210,u215x100018,"San Antonio, TX 78210
(29.4, -98.47)"
Turner Unified School District #202,Kansas City,KS,66101,u215x100019,"Kansas City, KS 66101
(39.12, -94.63)"
EAST CENTRAL BOCES,Limon,CO,80828,u215x100020,"Limon, CO 80828
(39.32, -103.7)"
Arcadia Valley RII School District,Ironton,MO,63650,u215x100021,"Ironton, MO 63650
(37.61, -90.62)"
Coastal Plains RESA,Lenox,GA,31637,u215x100022,"Lenox, GA 31637
(31.29, -83.44)"
Galena Park Independent School District,Houston,TX,77015,u215x100023,"Houston, TX 77015
(29.77, -95.17)"
Toledo Public Schools,Toledo,OH,43608,u215x100024,"Toledo, OH 43608
(41.68, -83.53)"
Alpine Independent School District,Alpine,TX,79830,u215x100026,"Alpine, TX 79830
(29.92, -103.52)"
Gill-Montague Regional School District,Turners Falls,MA,1376,u215x100027,"Turners Falls, MA 1376
(42.63, -72.52)"
Fulton County Board of Education,Atlanta,GA,30315,u215x100028,"Atlanta, GA 30315
(33.7, -84.38)"
Athens Area School District,Athens,PA,18810,u215x100030,"Athens, PA 18810
(41.94, -76.51)"
Coastal Plains Regional Education Service,Lenox,GA,31637,u215x100031,"Lenox, GA 31637
(31.29, -83.44)"
Tacoma Public Schools,Tacoma,WA,98401,u215x100032,"Tacoma, WA 98401
(47.25, -122.46)"
Jefferson County Public School District R-1,Golden,CO,80401,u215x100033,"Golden, CO 80401
(39.72, -105.24)"
San Jose Unified School District,San Jose,CA,95126,u215x100035,"San Jose, CA 95126
(37.33, -121.92)"
Lincoln Public Schools,Lincoln,NE,68510,u215x100036,"Lincoln, NE 68510
(40.81, -96.65)"
Montgomery Public Schools,Montgomery,AL,36104,u215x100037,"Montgomery, AL 36104
(32.4, -86.32)"
Centennial BOCES,Longmont,CO,80501,u215x100038,"Longmont, CO 80501
(40.17, -105.09)"
Vian Public Schools,Vian,OK,74962,u215x100039,"Vian, OK 74962
(35.54, -94.96)"
Hampton County School District 2,Estill,SC,29918,u215x100041,"Estill, SC 29918
(32.72, -81.28)"
Portage County Educational Service Center,Ravenna,OH,44266,u215x100043,"Ravenna, OH 44266
(41.17, -81.18)"
Bloomfield Schools,Bloomfield,NM,87413,u215x100044,"Bloomfield, NM 87413
(36.52, -107.88)"
Stamford Public Schools,Stamford,CT,6901,u215x100045,"Stamford, CT 6901
(41.05, -73.54)"
Northeastern Educational Intermediate Unit,Archbald,PA,18403,u215x100046,"Archbald, PA 18403
(41.5, -75.54)"
Northern Kentucky Cooperative for Educational Services,Cold Spring,KY,41076,u215x100048,"Cold Spring, KY 41076
(39.02, -84.44)"
Dorchester School District Two,Summerville,SC,29483,u215x100049,"Summerville, SC 29483
(33.07, -80.19)"
Nassau BOCES,Garden City,NY,11530,u215x100050,"Garden City, NY 11530
(40.73, -73.63)"
Kent Intermediate School District,Grand Rapids,MI,49525,u215x100051,"Grand Rapids, MI 49525
(43.02, -85.59)"
Elmore County School District,Wetumpka,AL,36092,u215x100052,"Wetumpka, AL 36092
(32.62, -86.19)"
Madison Metropolitan School District,Madison,WI,53703,u215x100053,"Madison, WI 53703
(43.08, -89.38)"
USD #497 Lawrence Public Schools,Lawrence,KS,66044,u215x100054,"Lawrence, KS 66044
(39.03, -95.21)"
Region 4,Houston,TX,77092,u215x100055,"Houston, TX 77092
(29.83, -95.47)"
Golden Feather Union Elementary School District,Oroville,CA,95965,u215x100056,"Oroville, CA 95965
(39.61, -121.58)"
Three Village Central School District,Stony Brook,NY,11790,u215x100057,"Stony Brook, NY 11790
(40.91, -73.13)"
North Point Educational Service Center,Sandusky,OH,44870,u215x100059,"Sandusky, OH 44870
(41.4, -82.72)"
Glenn County Office of Education,Willows,CA,95988,u215x100060,"Willows, CA 95988
(39.5, -122.29)"
Los Angeles County Office of Education,Downey,CA,90242,u215x100061,"Downey, CA 90242
(33.92, -118.14)"
Central Susquehanna Intermediate Unit,Lewisburg,PA,17837,u215x100062,"Lewisburg, PA 17837
(40.98, -76.95)"
Jefferson County Board of Education,Louisville,KY,40232,u215x100064,"Louisville, KY 40232
(38.19, -85.66)"
School Board of Pinellas County,Largo,FL,33770,u215x100066,"Largo, FL 33770
(27.91, -82.8)"
Piper Unified School District 203,Kansas,KS,66109,u215x100067,"Kansas, KS 66109
(39.16, -94.83)"
Mariana Bracetti Academy Charter School,Philadelphia,PA,19125,u215x100069,"Philadelphia, PA 19125
(39.98, -75.12)"
Hermosa Beach City School District,Hermosa Beach,CA,90254,u215x100070,"Hermosa Beach, CA 90254
(33.87, -118.4)"
Reading Public Schools,Reading,MA,1867,u215x100071,"Reading, MA 1867
(42.54, -71.11)"
Oakland Schools,Waterford,MI,48328,u215x100072,"Waterford, MI 48328
(42.65, -83.35)"
Regional Education Center #6,Portales,NM,88130,u215x100074,"Portales, NM 88130
(34.13, -103.31)"
St. Clair County Board of Education,Ashville,AL,35953,u215x100075,"Ashville, AL 35953
(33.81, -86.23)"
Richland County School District One,Columbia,SC,29201,u215x100076,"Columbia, SC 29201
(33.98, -81.03)"
Pontiac Township High School District 90,Pontiac,IL,61764,u215x100077,"Pontiac, IL 61764
(40.88, -88.63)"
Paris Indpendent Board of Education,Paris,KY,40361,u215x100080,"Paris, KY 40361
(38.21, -84.23)"
Guilford County Schools,Greensboro,NC,27401,u215x100083,"Greensboro, NC 27401
(36.07, -79.77)"
Wattsburg Area School District,Erie,PA,16509,u215x100084,"Erie, PA 16509
(42.06, -80.04)"
REGIONAL SCHOOL DISTRICT # 1,BATH,ME,4530,u215x100085,"BATH, ME 4530
(43.89, -69.83)"
Great Valley School District,Malvern,PA,19355,u215x100086,"Malvern, PA 19355
(40.05, -75.53)"
Cleveland Municipal School District,Cleveland,OH,44114,u215x100087,"Cleveland, OH 44114
(41.51, -81.68)"
Spartanburg District 1 Schools,Campobello,SC,29322,u215x100088,"Campobello, SC 29322
(35.12, -82.13)"
Jackson County Board Of Education -- WRESA,Sylva,NC,28779,u215x100091,"Sylva, NC 28779
(35.37, -83.21)"
Tupelo Public School District,Tupelo,MS,38802,u215x100094,"Tupelo, MS 38802
(34.26, -88.73)"
Halifax County Public Schools,Halifax,VA,24558,u215x100095,"Halifax, VA 24558
(36.79, -78.96)"
Garden Grove Unified School District,Garden Grove,CA,92840,u215x100097,"Garden Grove, CA 92840
(33.79, -117.93)"
Milwaukee Public Schools,Milwaukee,WI,53208,u215x100098,"Milwaukee, WI 53208
(43.05, -87.97)"
Topeka Public School USD 501,Topeka,KS,66611,u215x100100,"Topeka, KS 66611
(39.02, -95.7)"
Hellgate Elementary School District #4,Misssoula,MT,59808,u215x100101,"Misssoula, MT 59808
(46.98, -114.1)"
Montgomery County Public Schools,Christiansburg,VA,24073,u215x100102,"Christiansburg, VA 24073
(37.13, -80.42)"
Hays CISD,Kyle,TX,78640,u215x100104,"Kyle, TX 78640
(29.99, -97.83)"
Antioch Unified School District,Antioch,CA,94509,u215x100105,"Antioch, CA 94509
(37.99, -121.81)"
Portland Public Schools,Portland,ME,4103,u215x100106,"Portland, ME 4103
(43.69, -70.29)"
Andover Public Schools,Andover,MA,1810,u215x100107,"Andover, MA 1810
(42.65, -71.16)"
North Central Educational Service District 171,Wenatchee,WA,98801,u215x100108,"Wenatchee, WA 98801
(47.43, -120.35)"
Frenship ISD,Wolfforth,TX,79382,u215x100109,"Wolfforth, TX 79382
(33.46, -102.02)"
Pueblo County School District 70,Pueblo,CO,81006,u215x100110,"Pueblo, CO 81006
(38.27, -104.44)"
Riverside County Office of Education,Riverside,CA,92502,u215x100111,"Riverside, CA 92502
(33.94, -117.4)"
Greater Lawrence Educational Collaborative,Methuen,MA,1844,u215x100112,"Methuen, MA 1844
(42.73, -71.19)"
Putnam County Educational Service Cente,Ottawa,OH,45875,u215x100113,"Ottawa, OH 45875
(41.02, -84.07)"
Richmond County Board of Education,Augusta,GA,30901,u215x100114,"Augusta, GA 30901
(33.43, -81.96)"
Middle Georgia RESA,Macon,GA,31206,u215x100115,"Macon, GA 31206
(32.79, -83.68)"
Clinton County School District,Albany,KY,42602,u215x100116,"Albany, KY 42602
(36.73, -85.13)"
Scott County Board of Education,Georgetown,KY,40324,u215x100117,"Georgetown, KY 40324
(38.25, -84.55)"
Gallia-Vinton Educational Service Center,Rio Grande,OH,45674,u215x100119,"Rio Grande, OH 45674
(38.88, -82.38)"
Neptune Township School District,Neptune,NJ,7753,u215x100120,"Neptune, NJ 7753
(40.21, -74.08)"
Cliffside Park School District,Cliffside Park,NJ,7010,u215x100123,"Cliffside Park, NJ 7010
(40.82, -73.99)"
Sheffield City Schools,Sheffield,AL,35660,u215x100124,"Sheffield, AL 35660
(34.76, -87.7)"
Nassau County Board of Cooperative Educational Services (BOCES),Garden City,NY,11530,u215x100125,"Garden City, NY 11530
(40.73, -73.63)"
North Central Ohio Educational Service Center,Tiffin,OH,44883,u215x100128,"Tiffin, OH 44883
(41.12, -83.17)"
Volusia County School District,DeLand,FL,32720,u215x100129,"DeLand, FL 32720
(29.04, -81.39)"
Nebo School District,Spanish Fork,UT,84660,u215x100130,"Spanish Fork, UT 84660
(40.05, -111.64)"
Education Connection,Litchfield,CT,6759,u215x100131,"Litchfield, CT 6759
(41.76, -73.21)"
Educational Service District 112,Vancouver,WA,98661,u215x100132,"Vancouver, WA 98661
(45.64, -122.63)"
McLean County Unit District No. 5,Normal,IL,61761,u215x100133,"Normal, IL 61761
(40.53, -88.97)"
Bloomfield Public Schools,Bloomfield,NJ,7003,u215x100135,"Bloomfield, NJ 7003
(40.81, -74.19)"
Barren County Board of Education,Glasgow,KY,42141,u215x100137,"Glasgow, KY 42141
(36.95, -85.91)"
Poudre School District,Fort Collins,CO,80521,u215x100138,"Fort Collins, CO 80521
(40.59, -105.13)"
Southern Indiana Education Center,Huntingburg,IN,47542,u215x100139,"Huntingburg, IN 47542
(38.3, -86.96)"
Horry County School District,Conway,SC,29528,u215x100140,"Conway, SC 29528
(33.84, -79.04)"
School Board of Sarasota County,Sarasota,FL,34231,u215x100141,"Sarasota, FL 34231
(27.27, -82.52)"
Lewis County Board of Education,Vanceburg,KY,41179,u215x100142,"Vanceburg, KY 41179
(38.52, -83.39)"
Berne Union Local School District,Sugar Grove,OH,43155,u215x100144,"Sugar Grove, OH 43155
(39.63, -82.52)"
School Board of Orange County,Orlando,FL,32801,u215x100145,"Orlando, FL 32801
(28.54, -81.37)"
"Board of Education, Buffalo NY",Buffalo,NY,14202,u215x100146,"Buffalo, NY 14202
(42.89, -78.88)"
Paterson Public Schools,PATERSON,NJ,7503,u215x100147,"PATERSON, NJ 7503
(40.9, -74.15)"
Madison County School,Richmond,KY,40475,u215x100148,"Richmond, KY 40475
(37.76, -84.3)"
Southeast Service Cooperative,Rochester,MN,55904,u215x100149,"Rochester, MN 55904
(43.96, -92.4)"
Tempe Union High School District #213,Tempe,AZ,85283,u215x100150,"Tempe, AZ 85283
(33.36, -111.93)"
Tantasqua Regional School district,Fiskdale,MA,1518,U215X100151,"Fiskdale, MA 1518
(42.11, -72.12)"
New York City Department of Education - District 13 Consortium,Brooklyn,NY,11238,U215X100152,"Brooklyn, NY 11238
(40.68, -73.96)"
Clark County Educational Service Center,Springfield,OH,45506,U215X100154,"Springfield, OH 45506
(39.9, -83.85)"
Northside Independent School District,San Antonio,TX,78238,U215X100155,"San Antonio, TX 78238
(29.47, -98.62)"
Urbana School District,Urbana,IL,61801,U215X100156,"Urbana, IL 61801
(40.11, -88.21)"
Burgin Independent Schools,Burgin,KY,40310,U215X100157,"Burgin, KY 40310
(37.75, -84.77)"
Northfield Township HS District 225,Glenview,IL,60026,U215X100158,"Glenview, IL 60026
(42.08, -87.82)"
Board of Education of Washington County,Hagerstown,MD,21740,U215X100159,"Hagerstown, MD 21740
(39.63, -77.74)"
WESTERN BUCKEYE EDUCATIONAL SERVICE,Paulding,OH,45879,U215X100160,"Paulding, OH 45879
(41.13, -84.56)"
Luzerne Intermediate Unit #18,Kingston,PA,18704,U215X100161,"Kingston, PA 18704
(41.28, -75.9)"
Cape Cod Collaborative,OTIS ANGB,MA,2542,U215X100162,"OTIS ANGB, MA 2542
(41.7, -70.55)"
Region One Education Service Center,Edinburg,TX,78541,U215X100163,"Edinburg, TX 78541
(26.45, -98.24)"
Southeast Kansas Education Service Center,Girard,KS,66743,U215X100164,"Girard, KS 66743
(37.51, -94.89)"
Educational Service District # 113,Olympia,WA,98502,U215X100165,"Olympia, WA 98502
(47.08, -123.03)"
Central Intermediate Unit # 10,West Decatur,PA,16878,U215X100167,"West Decatur, PA 16878
(40.94, -78.33)"
Central Kitsap School District,Silverdale,WA,98383,U215X100168,"Silverdale, WA 98383
(47.67, -122.71)"
Deming Public Schools,Deming,NM,88030,U215X100169,"Deming, NM 88030
(32.26, -107.73)"
Denver Public Schools,Denver,CO,80203,U215X100170,"Denver, CO 80203
(39.73, -104.98)"
Roanoke City Public Schools,Roanoke,VA,24012,U215X100171,"Roanoke, VA 24012
(37.32, -79.89)"
Murray County Schools,Chatsworth,GA,30705,U215X100172,"Chatsworth, GA 30705
(34.75, -84.75)"
Metropolitan Nasvhille Public Schools,Nashville,TN,37204,U215X100174,"Nashville, TN 37204
(36.11, -86.77)"
Seminole County Public Schools,Sanford,FL,32773,U215X100175,"Sanford, FL 32773
(28.76, -81.25)"
Manalapan-Englishtown Regional School District,Englishtown,NJ,7726,u215x100178,"Englishtown, NJ 7726
(40.27, -74.36)"
Greater Johnstown School District,Johnstown,PA,15906,u215x100179,"Johnstown, PA 15906
(40.38, -78.94)"
Southern Westchester BOCES,Rye Brook,NY,10573,u215x100180,"Rye Brook, NY 10573
(41.02, -73.68)"
Poplar Bluff R-I School District,Poplar Bluff,MO,63901,u215x100181,"Poplar Bluff, MO 63901
(36.77, -90.46)"
Mobile County,Mobile,AL,36618,u215x100183,"Mobile, AL 36618
(30.74, -88.18)"
Muhlenberg County Board of Education,Powderly,KY,42367,u215x100184,"Powderly, KY 42367
(37.25, -87.16)"
San Joaquin County Office of Education,Stockton,CA,95206,u215x100186,"Stockton, CA 95206
(37.9, -121.42)"
District School Board of Pasco County,Land O' Lakes,FL,34638,u215x100187,"Land O' Lakes, FL 34638
(28.21, -82.45)"
Walthall County School District,Tylertown,MS,39667,u215x100189,"Tylertown, MS 39667
(31.13, -90.12)"
Westfield Public Schools,Westfield,NJ,7090,u215x100191,"Westfield, NJ 7090
(40.65, -74.34)"
Chester County School District,Chester,SC,29706,u215x100192,"Chester, SC 29706
(34.72, -81.23)"
Chester County Intermediate Unit #24,Downingtown,PA,19335,u215x100193,"Downingtown, PA 19335
(40.02, -75.72)"
Scranton Public Schools,Scranton,PA,18508,u215x100194,"Scranton, PA 18508
(41.45, -75.66)"
Wayne County Regional Educational Service Agency (RESA),Wayne,MI,48184,u215x100195,"Wayne, MI 48184
(42.27, -83.4)"
Yakutat School District,Yakutat,AK,99689,u215x100196,"Yakutat, AK 99689
(59.53, -139.71)"
Wilkes-Barre Area School District,Wilkes-Barre,PA,18711,u215x100198,"Wilkes-Barre, PA 18711
(41.25, -75.88)"
Chaffey Joint Union High School District,Ontario,CA,91762,u215x100199,"Ontario, CA 91762
(34.06, -117.67)"
Brownsburg Community School Corporation,Brownsburg,IN,46112,u215x100200,"Brownsburg, IN 46112
(39.87, -86.38)"
Morris School District,Morristown,NJ,7960,u215x100201,"Morristown, NJ 7960
(40.78, -74.5)"
South Central BOCES,Pueblo West,CO,81007,u215x100203,"Pueblo West, CO 81007
(38.36, -104.78)"
McMinnville School District 40,McMinnville,OR,97128,u215x100205,"McMinnville, OR 97128
(45.2, -123.25)"
Lexington Public Schools,Lexington,NE,68850,u215x100207,"Lexington, NE 68850
(40.83, -99.74)"
Merrimack School District,Merrimack,NH,3054,u215x100208,"Merrimack, NH 3054
(42.85, -71.52)"
Springdale Public Schools,Springdale,AR,72765,u215x100211,"Springdale, AR 72765
(36.19, -94.15)"
Victor Central Schools,Victor,NY,14564,u215x100212,"Victor, NY 14564
(42.98, -77.43)"
Oakland Unified School District,Oakland,CA,94606,u215x100213,"Oakland, CA 94606
(37.79, -122.24)"
Happy Valley Basic School,Peoria,AZ,85383,u215x100215,"Peoria, AZ 85383
(33.77, -112.26)"
Yinghua Academy,Minneapolis,MN,55413,u215x100217,"Minneapolis, MN 55413
(45, -93.24)"
Floyd County Board of Education,Prestonsburg,KY,41653,u215x100219,"Prestonsburg, KY 41653
(37.66, -82.77)"
SW/WC Service Cooperative,Marshall,MN,56258,u215x100220,"Marshall, MN 56258
(44.44, -95.76)"
MSD Perry Township,Indianapolis,IN,46227,u215x100222,"Indianapolis, IN 46227
(39.68, -86.13)"
Puget Sound Educational Service District,Renton,WA,98057,u215x100223,"Renton, WA 98057
(47.48, -122.2)"
Clark County School District,Las Vegas,NV,89146,u215x100224,"Las Vegas, NV 89146
(36.14, -115.23)"
HAZELWOOD SCHOOL DISTRICT,Florissant,MO,63031,u215x100225,"Florissant, MO 63031
(38.81, -90.34)"
Addison Rutland Supervisory Union,Fair Haven,VT,5743,u215x100226,"Fair Haven, VT 5743
(43.67, -73.31)"
SAU 55 Timberlane Regional School District,Plaistow,NH,3865,u215x100227,"Plaistow, NH 3865
(42.84, -71.1)"
Yonkers Public Schools,Yonkers,NY,10701,u215x100228,"Yonkers, NY 10701
(40.94, -73.88)"
Madison County Regional Office of Education,Edwardsville,IL,62025,u215x100229,"Edwardsville, IL 62025
(38.83, -89.93)"
NorthEast Washington Educational Service District 101,Spokane,WA,99223,u215x100231,"Spokane, WA 99223
(47.59, -117.35)"
Mariposa County Unified School District,Mariposa,CA,95338,u215x100232,"Mariposa, CA 95338
(37.51, -120)"
Yolo County Office of Education,Woodland,CA,95776,u215x100234,"Woodland, CA 95776
(38.69, -121.7)"
Beaumont Independent School District,Beaumont,TX,77706,u215x100235,"Beaumont, TX 77706
(30.1, -94.17)"
New Bedford Public Schools,New Bedford,MA,2740,u215x100236,"New Bedford, MA 2740
(41.64, -70.94)"
Moore Independent School District No. 2,Moore,OK,73160,u215x100238,"Moore, OK 73160
(35.34, -97.48)"
Northshore School District,Bothell,WA,98021,u215x100240,"Bothell, WA 98021
(47.79, -122.21)"
Pleasantville School District,Pleasantville,NJ,8232,u215x100242,"Pleasantville, NJ 8232
(39.39, -74.52)"
Missoula County Public Schools,Missoula,MT,59801,u215x100243,"Missoula, MT 59801
(46.86, -114.01)"
Mexico 59 School District,Mexico,MO,65265,u215x100244,"Mexico, MO 65265
(39.2, -91.88)"
Sabine Parish School Board,Many,LA,71449,u215x100245,"Many, LA 71449
(31.54, -93.52)"
Prince William County Public Schools,Manassas,VA,20108,u215x100246,"Manassas, VA 20108
(38.75, -77.48)"
Cherry Creek School District,Greenwood Village,CO,80111,u215x100247,"Greenwood Village, CO 80111
(39.61, -104.88)"
Madison School District,Rexburg,ID,83440,u215x100248,"Rexburg, ID 83440
(43.78, -111.77)"
Cooperative Educational Service Agency #1,Brookfield,WI,53045,u215x100252,"Brookfield, WI 53045
(43.06, -88.15)"
Resource Training & Solutions,Saint Cloud,MN,56301,u215x100253,"Saint Cloud, MN 56301
(45.49, -94.24)"
Pitt County School District,Greenville,NC,27834,u215x100257,"Greenville, NC 27834
(35.66, -77.38)"
Greece Central School District,North Greece,NY,14515,u215x100258,"North Greece, NY 14515
(42.67, -75.44)"
Morrison Public School District Consortium,Morrison,OK,73061,u215x100259,"Morrison, OK 73061
(36.34, -97.01)"
Cleveland County Schools,Shelby,NC,28150,u215x100260,"Shelby, NC 28150
(35.35, -81.57)"
St. Landry Parish School Board,Opelousas,LA,70570,u215x100261,"Opelousas, LA 70570
(30.53, -92.11)"
New York City of Department of Education,New York,NY,10007,u215x100262,"New York, NY 10007
(40.71, -74.01)"
Richland School District Two,Columbia,SC,29206,u215x100263,"Columbia, SC 29206
(34.05, -80.87)"
Jefferson Parish Public Schools,Harvey,LA,70058,u215x100265,"Harvey, LA 70058
(29.86, -90.07)"
South Coast Educational Collaborative,Swansea,MA,2777,u215x100266,"Swansea, MA 2777
(41.76, -71.21)"
Delaware Chenango Madison Otsego BOCES,Norwich,NY,13815,u215x100268,"Norwich, NY 13815
(42.55, -75.53)"
Woodstock Community Unit School District,Woodstock,IL,60098,u215x100269,"Woodstock, IL 60098
(42.33, -88.45)"
Ogden City School District,Ogden,UT,84401,u215x100270,"Ogden, UT 84401
(41.22, -111.98)"
Livonia Public Schools,Livonia,MI,48170,u215x100272,"Livonia, MI 48170
(42.37, -83.53)"
Region 5 Education Service Center,Beaumont,TX,77703,u215x100274,"Beaumont, TX 77703
(30.13, -94.12)"
Carroll Independent School District,Grapevine,TX,76051,u215x100275,"Grapevine, TX 76051
(32.92, -97.07)"
Stuttgart School District #22,Stuttgart,AR,72160,u215x100276,"Stuttgart, AR 72160
(34.44, -91.53)"
Harnett County Schools,Sanford,NC,27332,u215x100277,"Sanford, NC 27332
(35.38, -79.14)"
Kansas City Missouri Public Schools,Kansas City,MO,64106,u215x100278,"Kansas City, MO 64106
(39.11, -94.57)"
School District of Pickens County,Easley,SC,29640,u215x100279,"Easley, SC 29640
(34.89, -82.58)"
Monroe Township Board of Education,Monroe Township,NJ,8831,u215x100280,"Monroe Township, NJ 8831
(40.33, -74.43)"
Lexington County School District One,Lexington,SC,29072,u215x100281,"Lexington, SC 29072
(33.99, -81.27)"
Patchogue-Medford Union Free School District,Patchogue,NY,11772,u215x100282,"Patchogue, NY 11772
(40.77, -73)"
Santa Clara County Office of Education,San Jose,CA,95131,u215x100284,"San Jose, CA 95131
(37.39, -121.9)"
Montgomery Township School District,Skillman,NJ,8558,u215x100286,"Skillman, NJ 8558
(40.42, -74.7)"
Irving Independent School District,Irving,TX,75062,u215x100287,"Irving, TX 75062
(32.85, -96.97)"
Knox County Schools,Knoxville,TN,37902,u215x100288,"Knoxville, TN 37902
(35.96, -83.92)"
Cabarrus County School District,Concord,NC,28025,u215x100290,"Concord, NC 28025
(35.38, -80.53)"
Jefferson County Board of Education,Birmingham,AL,35209,u215x100292,"Birmingham, AL 35209
(33.46, -86.81)"
IND SCHOOL DIST 196,Rosemount,MN,55068,u215x100294,"Rosemount, MN 55068
(44.73, -93.07)"
Enterprise City Schools,Enterprise,AL,36330,u215x100295,"Enterprise, AL 36330
(31.31, -85.86)"
Educational Service Unit #8,Neligh,NE,68756,u215x100296,"Neligh, NE 68756
(42.18, -97.98)"
Lincoln Intermediate Unit No 12,New Oxford,PA,17350,u215x100298,"New Oxford, PA 17350
(39.89, -77.08)"
San Francisco Unified School District,San Francisco,CA,94121,u215x100301,"San Francisco, CA 94121
(37.78, -122.5)"
Marshall County Board of Education,Moundsville,WV,26003,u215x100302,"Moundsville, WV 26003
(40.06, -80.65)"
Maritime Academy Charter High School,Philadelphia,PA,19137,u215x100304,"Philadelphia, PA 19137
(40, -75.08)"
ALCORN SCHOOL DISTRICT,Corinth,MS,38835,u215x100305,"Corinth, MS 38835
(34.95, -88.51)"
Hoxie Public Schools #46,Hoxie,AR,72433,u215x100308,"Hoxie, AR 72433
(36.02, -91.04)"
Eastern University Academy Charter School,Philadelphia,PA,19129,u215x100309,"Philadelphia, PA 19129
(40.01, -75.18)"
Toms River Regional Schools,Toms River,NJ,8753,u215x100310,"Toms River, NJ 8753
(39.98, -74.16)"
Amite County School District,Liberty,MS,39645,u215x100311,"Liberty, MS 39645
(31.15, -90.79)"
Scottsdale Unified School District,Phoenix,AZ,85018,u215x100312,"Phoenix, AZ 85018
(33.5, -111.98)"
Educational Service Unit #17,Ainsworth,NE,69210,u215x100313,"Ainsworth, NE 69210
(42.37, -99.91)"
Cooperative Education Service Agency #11,Turtle Lake,WI,54889,u215x100314,"Turtle Lake, WI 54889
(45.41, -92.17)"
Jamestown Public Schools,Jamestown,NY,14701,u215x100315,"Jamestown, NY 14701
(42.08, -79.26)"
Morgan County Schools,decatur,AL,35601,u215x100317,"decatur, AL 35601
(34.6, -87.01)"
Area Education Agency 267,Cedar Falls,IA,50613,u215x100319,"Cedar Falls, IA 50613
(42.53, -92.49)"
Santa Cruz County Regional School District,Nogales,AZ,85621,u215x100320,"Nogales, AZ 85621
(31.42, -111.02)"
Del Norte Unified School District,Crescent City,CA,95531,u215x100321,"Crescent City, CA 95531
(41.67, -123.88)"
Public Schools of Robeson County,Lumberton,NC,28369,u215x100322,"Lumberton, NC 28369
(34.42, -79.03)"
Bourbon County Schools,Paris,KY,40361,u215x100323,"Paris, KY 40361
(38.21, -84.23)"
Kansas City Public Schools,Kansas City,KS,66102,u215x100324,"Kansas City, KS 66102
(39.11, -94.69)"
Ennis K-12 Schools,Ennis,MT,59729,u215x100325,"Ennis, MT 59729
(45.33, -111.71)"
Oneida-Herkimer Madison BOCES,New Hartford,NY,13413,u215x100326,"New Hartford, NY 13413
(43.06, -75.28)"
Green River Regional Educational Cooperative,Bowling Green,KY,42101,u215x100328,"Bowling Green, KY 42101
(37.06, -86.48)"
Edison Township Board of Education,Edison,NJ,8837,u215x100329,"Edison, NJ 8837
(40.51, -74.35)"
New York City Department of Education,New York,NY,10007,u215x100330,"New York, NY 10007
(40.71, -74.01)"
Indiana Area School District,Indiana,PA,15701,u215x100331,"Indiana, PA 15701
(40.63, -79.15)"
School Board of the County of Spotsylvania,Fredericksburg,VA,22407,u215x100332,"Fredericksburg, VA 22407
(38.29, -77.57)"
New Castle County Vocational School Dist,Wilmington,DE,19804,u215x100333,"Wilmington, DE 19804
(39.72, -75.62)"
Bay County School District,Panama City,FL,32401,u215x100335,"Panama City, FL 32401
(30.16, -85.65)"
Warrensburg R-VI School District,Warrensburg,MO,64093,u215x100336,"Warrensburg, MO 64093
(38.79, -93.73)"
Middletown Township Public Schools,Middletown,NJ,7748,u215x100337,"Middletown, NJ 7748
(40.39, -74.11)"
Columbus City Schools,Columbus,OH,43215,u215x100338,"Columbus, OH 43215
(39.97, -83.01)"
Kirksville R-III School District,Kirksville,MO,63501,u215x100339,"Kirksville, MO 63501
(40.16, -92.59)"
Broome-Delaware-Tioga BOCES,Binghamton,NY,13905,u215x100340,"Binghamton, NY 13905
(42.18, -75.94)"
Bellmore-Merrick Central High School District,North Merrick,NY,11566,u215x100343,"North Merrick, NY 11566
(40.66, -73.56)"
Round Rock Independent School District,Round Rock,TX,78681,u215x100344,"Round Rock, TX 78681
(30.53, -97.72)"
Union County Public Schools,Monroe,NC,28112,u215x100345,"Monroe, NC 28112
(34.89, -80.54)"
Providence School District,Providence,RI,2903,u215x100346,"Providence, RI 2903
(41.82, -71.41)"
NORTHWEST TRI-COUNTY INTERMEDIATE UNIT,EDINBORO,PA,16412,u215x100347,"EDINBORO, PA 16412
(41.88, -80.17)"
Ottawa Area Intermediate School District,Holland,MI,49424,u215x100349,"Holland, MI 49424
(42.85, -86.12)"
School Board of Collier County,Naples,FL,34109,u215x100350,"Naples, FL 34109
(26.24, -81.76)"
New Hope Academy Charter School,York,PA,17401,u215x100351,"York, PA 17401
(39.96, -76.73)"
School District of the City of Pontiac,Pontiac,MI,48342,u215x100352,"Pontiac, MI 48342
(42.64, -83.27)"
Pocono Mountain School District,Swiftwater,PA,18370,u215x100353,"Swiftwater, PA 18370
(41.09, -75.33)"
Bucks County Schools Intermediate Unit # 22,Doylestown,PA,18901,u215x100354,"Doylestown, PA 18901
(40.33, -75.12)"
Clear Creek Independent School District,League City,TX,77573,u215x100355,"League City, TX 77573
(29.5, -95.09)"
Delsea Regional HS District,Franklinville,NJ,8322,u215x100356,"Franklinville, NJ 8322
(39.61, -75.03)"
New Hanover County School District,Wilmington,NC,28412,u215x100357,"Wilmington, NC 28412
(34.14, -77.92)"
Jackson School District,Jackson,NJ,8527,u215x100358,"Jackson, NJ 8527
(40.11, -74.34)"
Seneca Highlands Intermediate Unit,Smethport,PA,16749,u215x100359,"Smethport, PA 16749
(41.76, -78.43)"
Appalachia Intermediate Unit 8,Altoona,PA,16602,u215x100361,"Altoona, PA 16602
(40.52, -78.37)"
Reynoldsburg City School District,Reynoldsburg,OH,43068,u215x100362,"Reynoldsburg, OH 43068
(39.96, -82.78)"
Currituck County Schools,Currituck,NC,27929,u215x100368,"Currituck, NC 27929
(36.43, -75.99)"
Vigo County School Corporation,Terre Haute,IN,47803,u215x100369,"Terre Haute, IN 47803
(39.46, -87.31)"
Mission Consolidated Independent School,Mission,TX,78572,u215x100370,"Mission, TX 78572
(26.27, -98.42)"
Independent School Distirct of Boise,Boise,ID,83709,u215x100371,"Boise, ID 83709
(43.55, -116.29)"
Dickson County (Tennessee) Board of Education,Dickson,TN,37055,u215x100372,"Dickson, TN 37055
(36.08, -87.44)"
Bonneville Joint School District No. 93,Idaho Falls,ID,83401,u215x100373,"Idaho Falls, ID 83401
(43.53, -111.88)"
Region 7 Education Service Center,Kilgore,TX,75662,u215x100374,"Kilgore, TX 75662
(32.38, -94.87)"
North Carolina School of Science and Mathematics,Durham,NC,27705,u215x100376,"Durham, NC 27705
(36.02, -78.98)"
Clayton County Public Schools,Jonesboro,GA,30236,u215x100377,"Jonesboro, GA 30236
(33.52, -84.32)"
Manchester Academic Charter School,Pittsburgh,PA,15233,u215x100378,"Pittsburgh, PA 15233
(40.46, -80.03)"
Great Hearts Academies,Phoenix,AZ,85008,u215x100379,"Phoenix, AZ 85008
(33.46, -111.99)"
Lafourche Parish School Board,Thibodaux,LA,70302,u215x100380,"Thibodaux, LA 70302
(29.79, -90.82)"
ONSLOW COUNTY SCHOOLS,JACKSONVILLE,NC,28540,u215x100382,"JACKSONVILLE, NC 28540
(34.76, -77.5)"
Capitol Region Education Council,Hartford,CT,6106,u215x100383,"Hartford, CT 6106
(41.75, -72.7)"
Thornton Township High Schools District 205,South Holland,IL,60473,u215x100384,"South Holland, IL 60473
(41.6, -87.6)"
HENRY COUNTY PUBLIC SCHOOLS,COLLINSVILLE,VA,24078,u215x100385,"COLLINSVILLE, VA 24078
(36.72, -79.91)"
Virginia Beach City Public Schools,Virginia Beach,VA,23456,u215x100386,"Virginia Beach, VA 23456
(36.71, -76.01)"
Kingfisher Public School District,Kingfisher,OK,73750,u215x100387,"Kingfisher, OK 73750
(35.86, -97.95)"
Copper Country Intermediate School District,Hancock,MI,49930,u215x100388,"Hancock, MI 49930
(47.17, -88.57)"
Black Hills Special Services,Sturgis,SD,57785,u215x100390,"Sturgis, SD 57785
(44.42, -103.2)"
Lincoln County School District R-2,Elsberrry,MO,63343,u215x100393,"Elsberrry, MO 63343
(39.16, -90.83)"
Xenia Community Schools,Xenia,OH,45385,u215x100394,"Xenia, OH 45385
(39.67, -83.91)"
Southwest Plains Regional Service Center,Sublette,KS,67877,u215x100395,"Sublette, KS 67877
(37.55, -100.84)"
Smithtown Central School District,Smithtown,NY,11787,u215x100398,"Smithtown, NY 11787
(40.85, -73.21)"
Bibb County Public School District,Centreville,AL,35042,u215x100399,"Centreville, AL 35042
(32.95, -87.13)"
School District of the City of Detroit,Detroit,MI,48202,u215x100400,"Detroit, MI 48202
(42.38, -83.08)"
Pike County School System,Pikeville,KY,41501,u215x100401,"Pikeville, KY 41501
(37.52, -82.52)"
Warren County School District,North Warren,PA,16365,u215x100402,"North Warren, PA 16365
(41.84, -79.18)"
Kentucky Valley Educational Cooperative,Hazard,KY,41701,u215x100404,"Hazard, KY 41701
(37.3, -83.18)"
Mountain Lakes School District,Mountain Lakes,NJ,7046,u215x100406,"Mountain Lakes, NJ 7046
(40.89, -74.44)"
Saint Paul Public Schools,Saint Paul,MN,55102,u215x100407,"Saint Paul, MN 55102
(44.93, -93.12)"
Glynn County Schools,Brunswick,GA,31520,u215x100409,"Brunswick, GA 31520
(31.17, -81.48)"
Hillsborough County Public Schools,Tampa,FL,33602,u215x100410,"Tampa, FL 33602
(27.96, -82.46)"
Franklin County Board of Education,Frankfort,KY,40601,u215x100411,"Frankfort, KY 40601
(38.23, -84.88)"
Hampshire Educational Collaborative,Northampton,MA,1060,u215x100412,"Northampton, MA 1060
(42.32, -72.63)"
Watchung Hills Regional High School,Warren,NJ,7059,u215x100413,"Warren, NJ 7059
(40.63, -74.51)"
El Monte Union High School District,El Monte,CA,91731,u215x100414,"El Monte, CA 91731
(34.08, -118.04)"
Imperial County Office of Education,El Centro,CA,92243,u215x100415,"El Centro, CA 92243
(32.77, -115.6)"
The Renaissance Charter School,Jackson Heights,NY,11372,u215x100416,"Jackson Heights, NY 11372
(40.75, -73.88)"
Lancaster-Lebanon Intermediate Unit 13,Lancaster,PA,17601,u215x100417,"Lancaster, PA 17601
(40.07, -76.32)"
NCEC/Bottineau Public School,Bottineau,ND,58318,u215x100419,"Bottineau, ND 58318
(48.86, -100.41)"
La Joya Independent School District,La Joya,TX,78560,u215x100422,"La Joya, TX 78560
(26.24, -98.49)"
Laredo Independent School District,Laredo,TX,78043,u215x100425,"Laredo, TX 78043
(27.56, -99.16)"
Chester Upland School District,Chester,PA,19013,u215x100427,"Chester, PA 19013
(39.85, -75.37)"
Reading School District,Reading,PA,19601,u215x100428,"Reading, PA 19601
(40.35, -75.94)"
Bay-Arenac Intermediate School District,Bay City,MI,48706,u215x100429,"Bay City, MI 48706
(43.6, -83.96)"
Northwest Educational Service District 189,Anacortes,WA,98221,u215x100430,"Anacortes, WA 98221
(48.5, -122.65)"
Vineland Public Schools,Vineland,NJ,8361,u215x100431,"Vineland, NJ 8361
(39.45, -74.96)"
"Chicago Public Schools, District #299",Chicago,IL,60603,u215x100432,"Chicago, IL 60603
(41.88, -87.63)"
Chichester School District,Aston,PA,19014,u215x100433,"Aston, PA 19014
(39.86, -75.43)"
Newark Charter School,Newark,DE,19711,u215x100434,"Newark, DE 19711
(39.71, -75.74)"
Cypress Fairbanks Independent School District,Houston,TX,77065,u215x100435,"Houston, TX 77065
(29.93, -95.6)"
Polson Public Schools #23,Polson,MT,59860,u215x100436,"Polson, MT 59860
(47.7, -114.19)"
Twin Rivers Unified School District,North Highlands,CA,95660,u215x100439,"North Highlands, CA 95660
(38.67, -121.38)"
Madison-Oneida BOCES,Verona,NY,13478,u215x100441,"Verona, NY 13478
(43.15, -75.58)"
Dougherty County School System,Albany,GA,31701,u215x100442,"Albany, GA 31701
(31.57, -84.16)"
Fitchburg Public Schools,Fitchburg,MA,1420,u215x100443,"Fitchburg, MA 1420
(42.59, -71.82)"
Hamilton County Educational Service Center,Cincinnati,OH,45229,u215x100444,"Cincinnati, OH 45229
(39.15, -84.49)"
Roxbury Township Public Schools,Succasunna,NJ,7876,u215x100445,"Succasunna, NJ 7876
(40.85, -74.65)"
HAMPTON CITY SCHOOLS,HAMPTON,VA,23669,u215x100448,"HAMPTON, VA 23669
(37.05, -76.34)"
Cooperating School Districts,St. Louis,MO,63146,u215x100449,"St. Louis, MO 63146
(38.7, -90.48)"
Burke County Public Schools,Morganton,NC,28655,u215x100450,"Morganton, NC 28655
(35.76, -81.75)"
Rio Rancho Public Schools,Rio Rancho,NM,87124,u215x100451,"Rio Rancho, NM 87124
(35.25, -106.73)"
Fargo Public School - District #1,Fargo,ND,58102,u215x100452,"Fargo, ND 58102
(46.92, -96.83)"
Nataki Talibah Schoolhouse of Detroit,Detroit,MI,48219,u215x100453,"Detroit, MI 48219
(42.43, -83.25)"
Jefferson Davis Parish School Board,Jennings,LA,70546,u215x100454,"Jennings, LA 70546
(30.27, -92.67)"
East Orange School District,East Orange,NJ,7017,u215x100455,"East Orange, NJ 7017
(40.77, -74.21)"
Joliet Township High School District 204,Joliet,IL,60436,u215x100456,"Joliet, IL 60436
(41.49, -88.12)"
Lenawee Intermediate School District,Adrian,MI,49221,u215x100457,"Adrian, MI 49221
(41.9, -84.06)"
Seattle Public Schools,Seattle,WA,98124,u215x100458,"Seattle, WA 98124
(47.62, -122.35)"
Winona Public School District,Winona,MS,38967,u215x100461,"Winona, MS 38967
(33.47, -89.73)"
Archuleta School District 50 Joint,Pagosa Springs,CO,81147,u215x100463,"Pagosa Springs, CO 81147
(37.29, -107.11)"
Weymouth Public Schools,Weymouth,MA,2189,u215x100465,"Weymouth, MA 2189
(42.21, -70.93)"
Board of Education of the Township of Cherry Hill,Cherry Hill,NJ,8034,u215x100466,"Cherry Hill, NJ 8034
(39.91, -75)"
Logan County Public School District,Russellville,KY,42276,u215x100467,"Russellville, KY 42276
(36.86, -86.88)"
LEARN -- Professional Development,Old Lyme,CT,6371,u215x100468,"Old Lyme, CT 6371
(41.37, -72.32)"
Millville Public Schools,Millville,NJ,8332,u215x100469,"Millville, NJ 8332
(39.37, -75.04)"
Freeport Public Schools,Freeport,NY,11520,u215x100470,"Freeport, NY 11520
(40.65, -73.58)"
Thomas A Edison Charter Shool,Wilmington,DE,19802,u215x100471,"Wilmington, DE 19802
(39.75, -75.53)"
Flint Community Schools,Flint,MI,48503,u215x100474,"Flint, MI 48503
(43.01, -83.69)"
Gadsden City Board of Education,Gadsden,AL,35903,u215x100475,"Gadsden, AL 35903
(34.03, -85.86)"
Enlarged City School District of Middletown,Middletown,NY,10940,u215x100476,"Middletown, NY 10940
(41.45, -74.47)"
Blue Springs R-IV School District,Blue Springs,MO,64015,u215x100477,"Blue Springs, MO 64015
(39.02, -94.3)"
Kearny School District,Kearny,NJ,7032,u215x100478,"Kearny, NJ 7032
(40.75, -74.12)"
San Diego County Superintendent of Schools,San Diego,CA,92111,u215x100479,"San Diego, CA 92111
(32.81, -117.17)"
SPOKANE SCHOOL DISTRICT #81,SPOKANE,WA,99201,u215x100480,"SPOKANE, WA 99201
(47.66, -117.43)"
Harlan Independent School District,Harlan,KY,40831,u215x100481,"Harlan, KY 40831
(36.76, -83.34)"
Mountain Board of Cooperative Educationa,Leadville,CO,80461,u215x100482,"Leadville, CO 80461
(39.21, -106.35)"
Natrona County School District,Casper,WY,82601,u215x100484,"Casper, WY 82601
(43, -106.35)"
Educational Service Center of Cuyahoga County,Valley View,OH,44125,u215x100485,"Valley View, OH 44125
(41.41, -81.61)"
Marietta Independent School District,Marietta,GA,30060,u215x100487,"Marietta, GA 30060
(33.92, -84.54)"
Tangipahoa Parish School System,Amite,LA,70422,u215x100489,"Amite, LA 70422
(30.73, -90.5)"
Evergreen Public Schools 114,Vancouver,WA,98668,u215x100491,"Vancouver, WA 98668
(45.64, -122.6)"
Evanston Community Consolidated School District 65,Evanston,IL,60201,u215x100492,"Evanston, IL 60201
(42.06, -87.7)"
Stillman College,Tuscaloosa,AL,35401,u215x100494,"Tuscaloosa, AL 35401
(33.17, -87.61)"
Andalusia City Schools,Andalusia,AL,36420,u215x100495,"Andalusia, AL 36420
(31.24, -86.55)"
Caldwell County Schools,Lenoir,NC,28645,u215x100496,"Lenoir, NC 28645
(35.98, -81.55)"